[
    {
        "id": 0,
        "name": "Angelina Joli",
        "photo": "https://i.pinimg.com/originals/96/fa/f6/96faf68b951fd2d852deba3baa225d12.gif",
        "isAdmin": "true"
    },
    {
        "id": 1,
        "name": "Hugo Boss",
        "photo": "https://media.licdn.com/dms/image/D4E03AQF3H8eetH_n0w/profile-displayphoto-shrink_800_800/0/1669641183201?e=1710374400&v=beta&t=BkQqtYMDeE3vjZqrURmgW7bri5hHUkaQ_7EPi_PSFbM",
        "isAdmin": "false"
    },
    {
        "id": 2,
        "name": "Ismael Le Grand",
        "photo": "",
        "isAdmin": "false"
    },
    {
        "id": 3,
        "name": "John Lennon",
        "photo": "",
        "isAdmin": "false"
    }
]